Sales Total	Sales Rep
833.040000000002	Jane Peacock
775.400000000001	Margaret Park
720.160000000001	Steve Johnson
